file,cosine_similarity,classification,similarity,explanation
MidRainSunset1,0.5512816738525087,Inaccurate,Major Differences,"[Explanation: The two scenarios differ significantly in their context, focus, and details. The GROUND TRUTH scenario analyzes the components contributing to the loss of control in a driving environment affected by rain and poor visibility. It examines the roles of road surface, vehicle subsystems, and other factors in increasing the risk of lane deviation or traction loss. The RESULT scenario, on the other hand, describes a hypothetical autonomous vehicle scenario based on a filename, ""MidRainSunset1.png,"" and outlines potential unsafe control actions (UCAs) related to steering in adverse weather conditions. While both scenarios involve adverse weather conditions and vehicle control issues, the RESULT scenario is more speculative and lacks the detailed component analysis provided in the GROUND TRUTH. Additionally, the RESULT scenario includes a separate example of a laboratory chemical spill, which is unrelated to the driving context of the GROUND TRUTH. Therefore, the two scenarios are not semantically equivalent in terms of scene, unsafe actions, and safety reasoning.]"
motobike6,0.6464912940191836,Accurate,Major Differences,"[Explanation: The two scenarios presented are fundamentally different in terms of context, focus, and details. The first scenario is a CAST analysis of a snowy road environment with a focus on lane discipline and hazard detection issues due to environmental factors like snow-covered lanes, while the second scenario involves a hypothetical description of an image file ""motobike6.jpg"" and a separate workplace safety scenario involving machinery. The first scenario's unsafe control actions (UCAs) are related to vehicle steering in adverse weather conditions, whereas the second scenario's UCAs are related to a factory setting with machinery safety improvements. The safety reasoning in the first scenario revolves around vehicle dynamics and road conditions, while the second scenario focuses on workplace safety protocols and machinery operation. These differences in context, focus, and details result in a major difference between the two scenarios.]"
trafficlight2,0.6075016086158938,Accurate,Major Differences,"[Explanation: The two logs describe different scenarios and focus on different aspects of safety analysis. The GROUND TRUTH log analyzes a specific traffic scenario involving poor visibility due to snow and sun glare, focusing on the components contributing to the loss and the challenges faced by both manual and automated systems. It provides a detailed breakdown of each component's role and contribution to the assumed loss, emphasizing the environmental and infrastructural factors that lead to elevated perceptual risk.

In contrast, the RESULT log is a hypothetical analysis of a traffic light scenario in the context of autonomous vehicle driving, focusing on potential Unsafe Control Actions (UCAs) related to the vehicle's interpretation of a traffic light image. It outlines a sequence of events leading to a near-collision scenario due to misinterpretation of the traffic light color and incorrect steering responses. The log also includes a separate hypothetical industrial safety scenario, which is unrelated to the traffic light analysis.

Overall, the GROUND TRUTH log provides a specific analysis of a real-world scenario, while the RESULT log presents a hypothetical analysis with a broader focus on potential UCAs and a separate industrial safety scenario. The differences in context, focus, and content lead to a major difference in the semantic equivalence of the two logs.]"
WetCloudySunset0,0.595048277538916,Inaccurate,Major Differences,"[Explanation: The two logs cover different contexts and scenarios. The GROUND TRUTH focuses on an automotive scenario involving road conditions, vehicle subsystems, and environmental factors that contribute to vehicle control risks. It analyzes components such as road surface, road markings, vehicle subsystems, and driver behavior, emphasizing the systemic risk due to environmental and infrastructural factors. The RESULT, on the other hand, describes a scene based on a filename suggesting a wet, cloudy sunset and outlines potential unsafe control actions (UCAs) related to steering in an autonomous vehicle context. It provides a detailed loss scenario log with specific UCAs and their impacts. Additionally, the RESULT includes a hypothetical safety hazard scenario at a chemical plant, which is unrelated to the automotive context of the GROUND TRUTH. Therefore, the two logs differ significantly in terms of scene description, unsafe actions, and safety reasoning.]"
trafficlight1,0.602750835848598,Accurate,Major Differences,"[Explanation: The ground truth and the result logs describe different scenarios and focus on different aspects of safety analysis. The ground truth log is a detailed analysis of an intersection scenario with specific components contributing to the risk of delayed or incorrect decision-making due to environmental conditions like snow. It examines factors such as road surface, signage, vehicle subsystems, and driver behavior in the context of a snowy intersection.

On the other hand, the result log discusses general considerations for autonomous vehicle driving in various weather and environmental conditions, focusing on sensor visibility and potential unsafe control actions related to steering. It then provides a hypothetical loss scenario involving a highway setting with a focus on steering UCAs and a separate chemical spill scenario in a laboratory, which is unrelated to the intersection scenario in the ground truth.

The two logs do not align in terms of scene, unsafe actions, or safety reasoning. The ground truth is specific to a snowy intersection, while the result log covers broader topics and different scenarios, leading to major differences in content and focus.]"
WetNoon0,0.6052592955951479,Accurate,Major Differences,"[Explanation: The ground truth and the result logs describe different scenarios with distinct focuses. The ground truth log analyzes a road safety scenario involving lane ambiguity and wet surfaces, examining various components such as road maintenance, signage, vehicle subsystems, and driver behavior. It identifies failures in road design, maintenance, and environmental communication that contribute to potential driver error and vehicle instability.

On the other hand, the result log discusses a hypothetical scenario involving an autonomous vehicle navigating wet conditions, focusing on unsafe control actions (UCAs) related to steering. It outlines potential hazards and a loss scenario involving a sequence of UCAs leading to a collision. Additionally, the result log includes a separate hypothetical scenario about improving safety in a manufacturing plant, which is unrelated to the initial road safety context.

The two logs differ significantly in their scenarios, components analyzed, and the nature of the safety issues addressed. The ground truth focuses on road safety and infrastructure, while the result log addresses autonomous vehicle control actions and manufacturing plant safety improvements. Therefore, they are not semantically equivalent.]"
person0,0.6248506997041343,Accurate,Major Differences,"[Explanation: The two logs describe different scenarios and focus on different aspects of safety analysis. The GROUND TRUTH log is a detailed analysis of a pedestrian-vehicle interaction scenario in snowy conditions, highlighting the roles and contributions of various components such as road surface, signage, vehicle subsystems, and weather forecasting. It emphasizes the challenges faced by both human drivers and automated systems in interpreting pedestrian zones due to snow-covered surfaces and lack of visual cues.

On the other hand, the RESULT log provides a framework for describing a scene for autonomous vehicle driving, focusing on weather conditions, time of day, road conditions, environment complexity, and sensor visibility risks. It also lists potential unsafe control actions (UCAs) related to steering in an automotive vehicle and describes a loss scenario involving unintended steering activation and delayed response, leading to a collision.

The RESULT log then shifts to a hypothetical industrial accident scenario at a chemical plant, detailing mitigations at different time points to achieve a safe outcome. This part of the log is unrelated to the initial automotive context and diverges significantly from the GROUND TRUTH scenario.

Overall, the two logs address different contexts (pedestrian-vehicle interaction vs. automotive steering and industrial accident) and focus on different safety aspects, resulting in major differences in scene description, unsafe actions, and safety reasoning.]"
trafficsign2,0.6341110315337923,Accurate,Major Differences,"[Explanation: The ground truth and the result logs describe different scenarios and contexts. The ground truth focuses on a snowy urban driving scenario, analyzing components like road surface, road markings, vehicle subsystems, and driver behavior in adverse weather conditions. It emphasizes the challenges posed by snow-covered roads and the lack of maintenance or dynamic alerts. In contrast, the result log discusses a hypothetical autonomous vehicle scenario involving a traffic sign interpretation error leading to unsafe steering actions on a highway. It outlines specific unsafe control actions (UCAs) related to steering and describes a loss scenario involving a sensor malfunction and delayed response to a curve warning. Additionally, the result log includes a separate hypothetical situation involving a chemical manufacturing plant, which is unrelated to the driving scenarios. The two logs differ significantly in terms of scene, unsafe actions, and safety reasoning, making them a major mismatch.]"
bike1,0.6217379069361522,Accurate,Major Differences,"[Explanation: The two logs describe different scenarios with distinct focuses and contexts. The GROUND TRUTH log analyzes a specific intersection scenario involving potential hazards for cyclists due to inadequate infrastructure and road management, emphasizing the roles of various components like road surface, markings, vehicle subsystems, and drivers. It highlights the risks and contributions of each component to the potential for collisions or confusion at the intersection.

In contrast, the RESULT log discusses a hypothetical scenario involving an autonomous vehicle interacting with a cyclist, focusing on potential unsafe control actions (UCAs) related to steering decisions. It outlines a sequence of events leading to a collision with a parked car, emphasizing the vehicle's perception and decision-making errors.

The RESULT log also includes an unrelated hypothetical safety scenario involving a chemical spill in a laboratory, which is not present in the GROUND TRUTH log. This further illustrates the divergence in topics and contexts between the two logs.

Overall, the logs differ significantly in terms of scene description, unsafe actions, and safety reasoning, with the GROUND TRUTH focusing on infrastructure and road user interactions, while the RESULT log centers on autonomous vehicle behavior and a separate safety scenario.]"
MidRainSunset0,0.6304418366659357,Accurate,Major Differences,"[Explanation: The two logs describe different scenarios and contexts. The GROUND TRUTH focuses on analyzing road conditions and the potential for control instability due to environmental factors like rain, wet surfaces, and faint lane markings. It examines various components like road maintenance, vehicle subsystems, and driver actions, contributing to increased risk. The RESULT, on the other hand, interprets an image filename to infer potential challenges for autonomous vehicles in rainy, sunset conditions and outlines unsafe control actions (UCAs) related to steering in such a scenario. It then provides a detailed loss scenario log related to a lane change incident, including root causes and preventive measures. The RESULT also includes an unrelated manufacturing facility scenario about mitigating a chemical spill, which is not present in the GROUND TRUTH. Thus, the two logs differ significantly in terms of scene description, unsafe actions, and safety reasoning.]"
trafficlight0,0.628380978590019,Accurate,Major Differences,"[Explanation: The two descriptions focus on different scenarios and contexts. The GROUND TRUTH describes a specific scenario involving snowy conditions affecting road and traffic signal visibility, contributing to potential hazards for drivers and autonomous systems. It provides a detailed analysis of components contributing to the risk and outlines the challenges faced in such an environment.

On the other hand, the RESULT provides a general description of potential scenarios involving autonomous vehicles and traffic lights, without specific reference to snowy conditions or the detailed components outlined in the GROUND TRUTH. It discusses various weather conditions, time of day, road conditions, and potential unsafe control actions (UCAs) related to traffic light interpretation, but lacks the specific focus on snow-related challenges.

Additionally, the RESULT includes a hypothetical loss scenario log involving traffic light misinterpretation and steering actions, which is not directly related to the snowy conditions discussed in the GROUND TRUTH. The RESULT also includes an unrelated scenario about a chemical spill in a laboratory, which further diverges from the focus of the GROUND TRUTH.

Overall, the RESULT does not align with the specific scene, unsafe actions, and safety reasoning described in the GROUND TRUTH, resulting in major differences between the two.]"
MidRainyNoon2,0.6320561086454897,Accurate,Major Differences,"[Explanation: The GROUND TRUTH and RESULT sections both describe scenarios involving adverse weather conditions affecting driving safety, but they differ significantly in their focus and details. The GROUND TRUTH provides a detailed analysis of various components contributing to a loss scenario in a rainy driving environment, focusing on road conditions, vehicle systems, and driver actions. It emphasizes the challenges posed by wet surfaces, faded lane markings, and the lack of dynamic alerts or adaptive systems.

In contrast, the RESULT section infers details from an image filename and outlines potential Unsafe Control Actions (UCAs) for an autonomous vehicle in rainy conditions. It presents a hypothetical loss scenario log with specific UCAs leading to a collision, focusing on sensor visibility and steering actions.

While both sections address safety concerns in rainy conditions, the GROUND TRUTH offers a comprehensive analysis of contributing factors, whereas the RESULT focuses on speculative UCAs and a loss scenario log. The RESULT also includes a separate, unrelated scenario about organizing a large outdoor event, which does not align with the driving context of the GROUND TRUTH. Therefore, the two sections are not semantically equivalent in terms of scene, unsafe actions, and safety reasoning.]"
MidRainyNoon0,0.6523057839887006,Accurate,Major Differences,"[Explanation: The provided logs and scenarios describe different contexts and focus areas. The GROUND TRUTH log is a detailed analysis of a specific automotive scenario involving moderate rain, wet pavement, and low-contrast road markings, focusing on various components like road surface, vehicle subsystems, and driver behavior. It identifies potential safety issues related to lane misalignment and control accuracy. The RESULT log, on the other hand, is based on a hypothetical filename ""MidRainyNoon0.png"" and speculates about potential hazards and unsafe control actions (UCAs) in a rainy driving scenario. It provides a hypothetical loss scenario log with specific UCAs leading to a final loss, focusing on steering control issues under rainy conditions.

The GROUND TRUTH log emphasizes component analysis and environmental factors, while the RESULT log is more focused on UCAs and a hypothetical sequence of events leading to a loss. Additionally, the RESULT log includes a separate hypothetical scenario about software implementation, which is unrelated to the automotive context of the GROUND TRUTH log. These differences in focus, context, and content result in major differences between the two logs.]"
motobike0,0.6067404386218664,Accurate,Major Differences,"[Explanation: The ground truth and result logs describe different scenarios with distinct focuses. The ground truth log analyzes a potential loss scenario involving a motorbike and signalized control in an urban setting, emphasizing road conditions, markings, and driver interactions. It identifies risks related to limited lane demarcation and visibility constraints for motorcycles. In contrast, the result log speculatively describes a scene related to autonomous vehicle driving, focusing on weather, time of day, road conditions, and potential unsafe control actions (UCAs) related to steering. It also includes a hypothetical loss scenario involving a highway incident with steering delays and unintended actions. The result log further extends into a cybersecurity scenario, which is unrelated to the original context. The two logs differ significantly in terms of scene description, unsafe actions, and safety reasoning, leading to a major difference in semantic content.]"
SoftRainSunset1,0.6108347414876123,Accurate,Major Differences,"[Explanation: The GROUND TRUTH and RESULT logs address different contexts and scenarios, leading to major differences in their content and focus. The GROUND TRUTH log analyzes a specific loss scenario involving road conditions, infrastructure components, and driver behavior in a wet driving environment. It focuses on the roles and contributions of various components to the assumed loss, emphasizing the impact of environmental factors and infrastructure management on vehicle safety.

In contrast, the RESULT log describes a hypothetical scenario involving an autonomous vehicle navigating a scene depicted by an image filename (""SoftRainSunset1.png""). It outlines potential unsafe control actions (UCAs) related to the vehicle's steering and provides a loss scenario log with timesteps illustrating how these UCAs could lead to a collision. Additionally, it includes a separate hypothetical scenario about a software product launch, focusing on risk assessment and mitigation strategies.

The two logs differ in their emphasis on scene analysis, unsafe actions, and safety reasoning. The GROUND TRUTH log is more focused on environmental and infrastructure factors, while the RESULT log centers on autonomous vehicle behavior and control actions. As such, they are not semantically equivalent.]"
WetCloudySunset1,0.6497906993831903,Accurate,Major Differences,"[Explanation: The provided logs describe two distinctly different scenarios, one involving an autonomous vehicle operating under challenging weather conditions and the other concerning the launch of a software application with a focus on data privacy and security. The vehicle scenario involves specific unsafe control actions (UCAs) related to steering and sensor performance in adverse conditions, while the software scenario outlines a series of steps for mitigating data privacy and security risks during the development and launch of an application. The contexts, components, and safety considerations are fundamentally different, with the vehicle scenario focusing on physical safety and control actions, and the software scenario emphasizing data privacy, security, and compliance. Therefore, the two logs are not semantically equivalent in terms of scene, unsafe actions, and safety reasoning.]"
CloudyNoon0,0.6108891290486419,Accurate,Major Differences,"[Explanation: The provided ground truth and result logs describe scenarios with different focuses and levels of detail. The ground truth log analyzes a specific driving scenario with components like road surface, vehicle systems, and driver behavior, highlighting issues with faded road markings and cloudy conditions affecting visibility. It identifies potential risks and contributions to a loss scenario involving visual misinterpretation and lane deviation.

In contrast, the result log extrapolates from a filename ""CloudyNoon0.png"" to discuss general conditions for autonomous vehicles, such as weather, road, and sensor visibility risks. It then identifies potential unsafe control actions (UCAs) related to steering under these conditions, followed by a hypothetical loss scenario involving a pedestrian and vehicle skidding due to poor lighting and wet roads.

The result log also includes a separate, unrelated hypothetical scenario about a chemical spill, which deviates significantly from the driving context of the ground truth.

Overall, while both logs address safety and risk in different contexts, they do not align in terms of scene specifics, unsafe actions, or safety reasoning, leading to a major difference in their semantic content.]"
SoftRainNoon0,0.6132092633532205,Accurate,Major Differences,"[Explanation: The two descriptions focus on different scenarios and contexts. The GROUND TRUTH describes a road safety analysis involving faint lane markings and damp pavement, focusing on the roles of various components like road surface, vehicle subsystems, and drivers. It identifies potential risks and unsafe control actions related to steering in an automotive context. The RESULT, however, interprets a filename ""SoftRainNoon0.png"" to infer a scene involving light rain at midday, discussing potential challenges for autonomous vehicle sensors and systems. It then outlines unsafe control actions related to steering but does not directly relate to the specific scene described in the GROUND TRUTH. Additionally, the RESULT includes an unrelated laboratory chemical spill scenario, which diverges significantly from the road safety context of the GROUND TRUTH. Overall, the two logs address different scenarios and safety considerations, leading to major differences in their content and focus.]"
motobike2,0.6851888976342659,Accurate,Major Differences,"[Explanation: The two descriptions differ significantly in terms of scene, unsafe actions, and safety reasoning. The GROUND TRUTH discusses an urban intersection scenario with a focus on the risk of vehicle-motorbike collisions due to infrastructure and environmental factors. It analyzes components like road surface, signage, vehicle subsystems, and driver behavior, emphasizing the lack of visual guidance and structured lane control.

On the other hand, the RESULT describes a hypothetical scenario involving a motorcycle in the context of autonomous vehicle driving, with a focus on sensor performance, environmental complexity, and potential unsafe control actions (UCAs) related to steering. It also includes a separate, unrelated scenario about a manufacturing plant with potential chemical spill risks, detailing prevention, monitoring, and response strategies.

The RESULT does not align with the GROUND TRUTH in terms of the specific urban intersection scene, the identified components contributing to the risk, or the detailed analysis of unsafe control actions related to the intersection scenario. The RESULT introduces different contexts and scenarios, leading to a major difference in content and focus.]"
WetCloudyNoon2,0.6371266617416443,Accurate,Major Differences,"[Explanation: The ground truth and the result logs describe different scenarios and focus areas. The ground truth log analyzes a scenario involving road conditions and their impact on both human drivers and autonomous vehicle systems, highlighting issues like faded road markings, inadequate maintenance, and potential driver misjudgments. It emphasizes the role of various components, such as road maintenance, vehicle subsystems, and driver behavior, in contributing to the increased likelihood of lane departure.

On the other hand, the result log is centered around an autonomous vehicle navigating a wet and cloudy environment. It identifies potential unsafe control actions (UCAs) related to steering under these conditions and outlines a loss scenario where inadequate steering responses and sensor obstructions lead to a collision. The result log also includes a hypothetical scenario involving a chemical plant to illustrate how improvements at different stages can prevent an industrial accident.

While both logs address safety concerns and system breakdowns, they do so in different contexts: one focuses on road safety and maintenance, while the other emphasizes autonomous vehicle control and industrial safety. The scenarios, unsafe actions, and safety reasoning are not aligned, resulting in major differences between the two logs.]"
CloudySunset1,0.5797043708921875,Inaccurate,Major Differences,"[Explanation: The two logs describe different scenarios and contexts. The GROUND TRUTH focuses on a scenario involving lane departure risks due to poor lane visibility under cloudy sunset lighting, analyzing various components like road surface, vehicle subsystems, and driver interpretation. It identifies specific contributions to the risk and summarizes the moderate risk of trajectory error or lane-keeping failure.

In contrast, the RESULT describes a hypothetical scenario involving autonomous vehicle steering control actions under potentially reduced visibility due to cloudy weather and sunset lighting. It outlines unsafe control actions (UCAs) and provides a detailed loss scenario log with timesteps, focusing on steering control issues, software updates, and sensor malfunctions leading to a collision.

The RESULT also includes an unrelated scenario about a chemical spill in a laboratory, which diverges significantly from the original context of vehicle lane departure risks.

Overall, the two logs differ in terms of the specific scene, the nature of unsafe actions, and the safety reasoning involved, leading to a major difference in their content and focus.]"
trafficsign1,0.6198722251568951,Accurate,Major Differences,"[Explanation: The two logs provided focus on different scenarios and contexts, leading to major differences in their content. The first log is a CAST analysis of a driving scenario involving glare and wet road conditions, analyzing various components such as road surface, signage, vehicle subsystems, and driver perception. It identifies potential unsafe control actions (UCAs) related to steering in an autonomous vehicle context. The second log, however, describes a hypothetical scenario involving a chemical spill in a laboratory, detailing preventive measures, early detection, and response actions. The safety reasoning and context differ significantly between the two logs, as one is focused on road safety and autonomous vehicle operation, while the other is centered on laboratory safety and chemical spill management. Therefore, they are not semantically equivalent in terms of scene, unsafe actions, and safety reasoning.]"
WetCloudySunset3,0.5742392474872091,Inaccurate,Major Differences,"[Explanation: The two logs describe different scenarios and contexts, leading to major differences in their content and focus. The first log is a detailed analysis of a road safety scenario involving an autonomous vehicle navigating wet and low-visibility conditions, with specific unsafe control actions (UCAs) identified and their potential consequences outlined. It emphasizes the challenges faced by autonomous vehicles in adverse environmental conditions and the resulting loss scenario.

In contrast, the second log describes a hypothetical scenario involving a potential data breach in a company's IT system. It outlines the steps taken to mitigate the risk of a data breach, focusing on cybersecurity measures, employee training, and long-term strategies to enhance security posture. The context, actors, and types of risks addressed are entirely different from the first log.

While both logs involve risk assessment and mitigation strategies, they pertain to distinct domains (road safety vs. cybersecurity) and do not share semantically equivalent elements in terms of scene, unsafe actions, or safety reasoning.]"
ClearNoon1,0.6298858717432738,Accurate,Major Differences,"[Explanation: The two descriptions pertain to different contexts and scenarios. The GROUND TRUTH focuses on analyzing components related to a potential loss scenario involving lane deviation due to sun glare and faded lane markings, with a detailed breakdown of each component's role and contribution to the situation. It highlights the impact of environmental factors on both human drivers and automated systems, emphasizing the need for infrastructure and system improvements to mitigate risks.

On the other hand, the RESULT discusses a hypothetical autonomous vehicle scenario under clear noon conditions, describing potential Unsafe Control Actions (UCAs) related to steering. It provides a detailed loss scenario log with specific timesteps, outlining a sequence of events leading to a hazardous situation involving a vehicle collision. Additionally, it includes a separate, unrelated scenario about a chemical spill in a laboratory, detailing proactive safety measures and incident response.

The RESULT lacks the component-based analysis present in the GROUND TRUTH and introduces different hazards and mitigation strategies. The scenarios and safety reasoning differ significantly, with the RESULT focusing on autonomous vehicle control actions and the GROUND TRUTH on environmental and system factors affecting lane keeping.]"
trafficsign3,0.6017285836542956,Accurate,Major Differences,"[Explanation: The two logs address different contexts and scenarios, leading to significant differences in content and focus. The GROUND TRUTH log analyzes a specific urban driving scenario, identifying potential hazards related to road conditions, signage, vehicle systems, and driver behavior, with a focus on perceptual complexity and occlusion risks. It also outlines a detailed loss scenario involving unsafe control actions (UCAs) in an autonomous vehicle, emphasizing the need for robust control algorithms and real-time error detection.

In contrast, the RESULT log provides a hypothetical analysis of a traffic sign image in various weather and lighting conditions, followed by a general discussion of UCAs related to steering in autonomous vehicles. It then shifts to a completely different scenario involving a chemical plant, outlining a mitigated safe scenario with risk assessment, equipment upgrades, and safety culture improvements.

The RESULT log lacks the specific urban driving context and detailed analysis of the GROUND TRUTH log, and it introduces an unrelated chemical plant scenario, which diverges significantly from the original focus on autonomous vehicle safety in an urban environment.]"
trafficlight3,0.6274392908461393,Accurate,Major Differences,"[Explanation: The two scenarios presented have significant differences in terms of context, unsafe actions, and safety reasoning. The first scenario involves an analysis of a snow-covered intersection and the potential risks associated with autonomous vehicles navigating such an environment. It focuses on components like road surface, vehicle subsystems, and driver behavior, highlighting the challenges posed by snow and the absence of visual cues. The unsafe control actions (UCAs) are specific to autonomous vehicle operation at an intersection with a traffic light.

In contrast, the second scenario describes a chemical spill in a laboratory setting, focusing on safety protocols, immediate response actions, and follow-up measures to mitigate the hazard. The improvements suggested are related to safety training, PPE, evacuation protocols, and thorough cleanup procedures, which are contextually different from the autonomous vehicle scenario.

The two scenarios address different environments, hazards, and safety measures, making them fundamentally different in terms of scene, unsafe actions, and safety reasoning.]"
motobike4,0.5456696171929405,Inaccurate,Major Differences,"[Explanation: The GROUND TRUTH and RESULT sections describe different contexts and scenarios. The GROUND TRUTH focuses on a CAST analysis of a specific road environment and potential safety issues related to lane discipline and infrastructure in a residential area. It identifies components like road surface, markings, vehicle subsystems, and drivers, and discusses their roles and contributions to potential safety risks. The RESULT, on the other hand, provides a hypothetical analysis of an autonomous vehicle scenario involving a motorcycle, weather conditions, and potential unsafe control actions (UCAs) related to vehicle steering. It also includes a hypothetical loss scenario log involving a highway incident, which is unrelated to the residential road context of the GROUND TRUTH. Additionally, the RESULT includes a separate hypothetical scenario about a potential data breach, which is entirely unrelated to the road safety context of the GROUND TRUTH. Therefore, the two sections differ significantly in terms of scene, unsafe actions, and safety reasoning.]"
person1,0.5770189327703552,Inaccurate,Major Differences,"[Explanation: The two scenarios presented are fundamentally different in terms of context, focus, and the type of safety analysis conducted. The first scenario is a CAST analysis focusing on a pedestrian crossing in snowy conditions, examining various components such as road surface, road markings, vehicle subsystems, and driver behavior. It highlights the risks and contributions to potential pedestrian conflicts due to environmental and infrastructural factors.

The second scenario involves a hypothetical analysis of autonomous vehicle steering control actions and a separate scenario about a chemical spill in a laboratory. It discusses potential unsafe control actions related to vehicle steering and provides a loss scenario log illustrating a sequence of events leading to a final loss. Additionally, it outlines a mitigated scenario for a chemical spill, focusing on emergency response and containment.

The two scenarios differ significantly in their subject matter (pedestrian crossing vs. autonomous vehicle steering vs. chemical spill), the type of analysis (CAST vs. UCA and loss scenario log), and the safety reasoning involved. Therefore, they cannot be considered semantically equivalent.]"
HardRainSunset1,0.6623841530907677,Accurate,Major Differences,"[Explanation: The two scenarios presented differ significantly in terms of context, components, and the nature of the unsafe actions. The ground truth scenario focuses on a driving environment during heavy rain, analyzing various components such as road surface, vehicle subsystems, and driver behavior, while the result scenario is a hypothetical laboratory chemical spill scenario. The unsafe control actions (UCAs) in the driving scenario are specific to vehicle steering and environmental conditions, whereas the laboratory scenario involves chemical handling and spill response. The safety reasoning and mitigation strategies are also context-specific, addressing different types of hazards and responses. Therefore, while both scenarios involve risk assessment and mitigation, they are fundamentally different in terms of the scene, unsafe actions, and safety reasoning.]"
HardRainSunset2,0.6137158393898746,Accurate,Major Differences,"[Explanation: The two logs present different scenarios and analyses. The GROUND TRUTH log focuses on a specific environmental analysis of a road scenario during heavy rain, identifying components contributing to potential vehicle control failure. It emphasizes the role of infrastructure, vehicle subsystems, and weather forecasting in maintaining safety under adverse conditions. The RESULT log, however, describes a hypothetical scene based on the filename ""HardRainSunset2.png,"" focusing on challenges for autonomous vehicles in adverse weather and light conditions. It then transitions into a discussion of unsafe control actions related to vehicle steering, followed by a separate product launch scenario with risk management strategies. The RESULT log lacks a direct connection to the specific environmental and component analysis found in the GROUND TRUTH log, leading to major differences in scene description, unsafe actions, and safety reasoning.]"
SoftRainSunset0,0.6374986644891696,Accurate,Major Differences,"[Explanation: The two logs address different contexts and scenarios. The GROUND TRUTH log focuses on a road safety analysis involving environmental and infrastructural factors affecting vehicle stability and navigation, particularly in wet conditions. It identifies components contributing to potential loss scenarios, such as road surface, markings, vehicle subsystems, and management authority, emphasizing the challenges faced by both human and automated driving systems.

In contrast, the RESULT log discusses a hypothetical scenario related to autonomous vehicle operation under specific weather and lighting conditions, identifying potential unsafe control actions (UCAs) related to steering. It provides a detailed loss scenario log with time steps illustrating how these UCAs could lead to a hazardous situation, focusing on the vehicle's steering system and its interaction with environmental conditions.

While both logs involve safety analysis, they differ significantly in focus, context, and the specific safety reasoning applied. The GROUND TRUTH log is broader, addressing multiple components and their contributions to a loss scenario, whereas the RESULT log is more specific, detailing potential UCAs and their consequences in an autonomous driving context.]"
MidRainSunset2,0.569299738801508,Inaccurate,Major Differences,"[Explanation: The two logs cover different scenarios and contexts, leading to major differences in their content. The GROUND TRUTH log focuses on analyzing a loss scenario related to road and vehicle safety during moderate rainfall, examining various components like road surface, vehicle subsystems, and driver behavior. It identifies potential hazards and contributions to vehicle instability due to environmental conditions.

In contrast, the RESULT log describes a scenario involving an autonomous vehicle navigating a wet road during sunset, detailing potential unsafe control actions (UCAs) related to steering. It provides a step-by-step analysis of a loss scenario involving aggressive steering, insufficient response, and overcompensation, leading to a loss of vehicle control and collision.

Additionally, the RESULT log includes a separate cybersecurity breach scenario, which is unrelated to the initial vehicle safety context. This further highlights the divergence in focus and content between the two logs.

Overall, the logs differ significantly in terms of the scene, unsafe actions, and safety reasoning, as they address different aspects of safety and risk management in distinct contexts.]"
CloudySunset2,0.6231109305644489,Accurate,Major Differences,"[Explanation: The two logs describe different scenarios and contexts. The GROUND TRUTH log focuses on an analysis of road conditions and the impact on vehicle and driver performance, with specific attention to the risk of lane deviation due to low-contrast visual conditions. It outlines the contributions of various components, such as road surface, markings, vehicle subsystems, and drivers, to the assumed loss. In contrast, the RESULT log describes a hypothetical scenario involving an autonomous vehicle in cloudy sunset conditions, detailing potential unsafe control actions (UCAs) related to steering and their consequences. It also provides a loss scenario log with specific timesteps and events leading to a collision with a guardrail. The RESULT log then transitions to a completely different context, discussing workplace safety in a manufacturing facility with a focus on risk mitigation and safety measures. The two logs differ significantly in terms of scene, unsafe actions, and safety reasoning, as they address different environments, risks, and mitigation strategies.]"
bike0,0.615660734206904,Accurate,Major Differences,"[Explanation: The two logs describe different scenarios and contexts, leading to major differences in the scene, unsafe actions, and safety reasoning. The first log focuses on a multi-lane stop-controlled intersection with cyclists, analyzing the lack of cyclist-specific infrastructure and the potential for miscommunication or delay between cyclists and vehicles. It highlights the roles of road surface, markings, vehicle subsystems, roadway management, drivers, and weather conditions in contributing to the assumed loss. The second log, however, discusses an autonomous vehicle scenario on a highway, detailing a sequence of unsafe control actions (UCAs) related to steering maneuvers at unsafe speeds, overcorrection, and sensor perception errors. The final part of the second log shifts to a hypothetical chemical spill scenario in a laboratory, outlining mitigation measures and actions to ensure safety. The contexts, hazards, and safety considerations are distinct between the two logs, resulting in major differences in their semantic content.]"
motobike3,0.6157087030708145,Accurate,Major Differences,"[Explanation: The GROUND TRUTH and RESULT logs describe different scenarios and focus on different aspects of safety analysis. The GROUND TRUTH log analyzes a suburban road scene with a focus on infrastructure and environmental factors affecting motorcycle safety, while the RESULT log discusses considerations for autonomous vehicle driving, particularly in the context of potential unsafe control actions involving a motorcycle. The RESULT log also includes a hypothetical scenario involving a chemical spill in a laboratory, which is unrelated to the road scene described in the GROUND TRUTH. The RESULT log provides a broader discussion on autonomous vehicle safety and potential hazards, whereas the GROUND TRUTH log is a specific analysis of road components and their contributions to potential loss. The two logs do not align in terms of scene, unsafe actions, or safety reasoning, leading to a major difference in their content and focus.]"
HardRainNoon2,0.6649504804567636,Accurate,Major Differences,"[Explanation: The two logs present different scenarios and analyses. The ground truth focuses on a systemic analysis of a loss scenario involving heavy rain affecting road conditions and vehicle control, emphasizing the roles of various components like road surface, vehicle subsystems, and weather forecasting. It identifies systemic vulnerabilities and potential failures in both human and automated driving under adverse weather conditions. The result log, however, interprets a specific scene from an image filename ""HardRainNoon2.png"" and discusses potential unsafe control actions (UCAs) related to autonomous vehicle steering under heavy rain. It provides a hypothetical loss scenario involving sensor misinterpretation and steering failures leading to a collision. Additionally, the result log includes an unrelated mitigated scenario involving a chemical spill in a laboratory, which diverges from the original context of vehicle control in adverse weather. The differences in focus, context, and the inclusion of an unrelated scenario in the result log contribute to the major differences between the two logs.]"
WetCloudyNoon0,0.6820985051856727,Accurate,Major Differences,"[Explanation: The two logs describe different scenarios and focus areas. The GROUND TRUTH log analyzes a specific road safety scenario involving wet road conditions, degraded lane markings, and the impact on both human drivers and automated systems. It identifies components contributing to increased risk and outlines potential unsafe control actions (UCAs) related to vehicle steering in adverse weather conditions. The RESULT log, however, describes a manufacturing plant scenario with safety concerns due to outdated machinery and insufficient protocols. It outlines improvements and safety measures over time to achieve a safe manufacturing environment. The RESULT log does not address the same scene, unsafe actions, or safety reasoning as the GROUND TRUTH log, leading to major differences between the two.]"
SoftRainSunset3,0.6415992648668507,Accurate,Major Differences,"[Explanation: The two descriptions focus on different scenarios and contexts. The GROUND TRUTH section analyzes a driving environment under wet conditions, identifying components like road surface, vehicle subsystems, and weather forecasting that contribute to potential vehicle control errors. It emphasizes the role of infrastructure and driver behavior in maintaining safety. In contrast, the RESULT section describes a hypothetical scenario based on a filename ""SoftRainSunset3.png,"" inferring challenges for autonomous vehicles due to weather and lighting conditions. It then outlines potential Unsafe Control Actions (UCAs) related to steering control in autonomous vehicles, followed by a loss scenario log involving a sequence of events leading to a collision. The RESULT section also includes an unrelated chemical spill scenario, focusing on safety improvements in an industrial setting. The two sections differ significantly in their focus, context, and details, with the GROUND TRUTH centered on road and vehicle dynamics, while the RESULT includes speculative inferences and a separate industrial safety scenario.]"
motobike5,0.5897371080380326,Inaccurate,Major Differences,"[Explanation: The two logs describe different scenarios and focus on different aspects of safety analysis. The GROUND TRUTH log analyzes an urban intersection scenario involving mixed traffic, particularly focusing on motorcycles, and evaluates various components such as road surface, markings, vehicle subsystems, and driver behavior. It identifies risks associated with signal timing, lane-sharing ambiguity, and lack of dedicated motorcycle space.

In contrast, the RESULT log discusses a hypothetical scenario involving an autonomous vehicle on a highway, focusing on potential unsafe control actions related to steering. It outlines a loss scenario involving a sensor malfunction leading to unintended steering actions, resulting in a multi-car accident. The log also includes a separate example of a chemical spill scenario, detailing mitigation steps for a manufacturing facility.

The two logs differ significantly in terms of the scene context, the specific unsafe actions analyzed, and the safety reasoning applied. The GROUND TRUTH log is centered on mixed traffic dynamics at an urban intersection, while the RESULT log addresses autonomous vehicle control issues on a highway and a chemical spill response. Therefore, they are not semantically equivalent.]"
trafficsign0,0.618054304307234,Accurate,Major Differences,"[Explanation: The two scenarios presented are fundamentally different in terms of context, focus, and content. The GROUND TRUTH scenario involves an analysis of a highway driving scene with an emphasis on road components, signage, vehicle subsystems, and driver behavior, focusing on the potential loss due to sparse signage and environmental factors. It evaluates the roles of various components in maintaining safety and highlights areas for improvement, such as increased signage and feedback mechanisms.

On the other hand, the RESULT scenario is a hypothetical analysis of an autonomous vehicle's response to a traffic sign, considering potential unsafe control actions (UCAs) related to steering. It includes a specific loss scenario log detailing the sequence of events leading to a minor collision due to sensor misinterpretation and delayed corrective actions. Additionally, it provides a separate example of a chemical spill in a laboratory, focusing on safety improvements and mitigations over time.

While both scenarios involve safety analysis, the contexts (highway driving vs. autonomous vehicle steering vs. chemical spill) and the specific safety reasoning (roadway and signage analysis vs. UCAs and mitigation strategies) are significantly different, leading to a major difference in their semantic content.]"
CloudyNoon1,0.5768683573631369,Inaccurate,Major Differences,"[Explanation: The ground truth and the result logs present different scenarios and focus on different aspects of safety analysis. The ground truth is a detailed analysis of a specific scenario involving decreased lane detection reliability due to environmental conditions like faded road markings and cloudy lighting. It identifies components contributing to the loss and provides a comprehensive breakdown of each component's role and contribution to the potential loss.

On the other hand, the result log provides a hypothetical analysis based on the filename ""CloudyNoon1.png,"" inferring weather and road conditions, and lists potential unsafe control actions (UCAs) related to vehicle steering under these conditions. It then describes a loss scenario involving inadequate steering control and its escalation to a collision. Additionally, the result includes an unrelated hypothetical scenario about safety improvements in a chemical plant, which is not connected to the initial context of autonomous vehicle driving.

The two logs differ significantly in terms of the specific scene being analyzed, the unsafe actions considered, and the safety reasoning applied. The ground truth is focused on the specific components and their roles in a driving context, while the result log mixes inferred details from a filename with a separate, unrelated safety scenario.]"
CloudySunset0,0.5910463092107581,Inaccurate,Major Differences,"[Explanation: The two logs describe different scenarios and contexts. The ground truth log focuses on analyzing components related to road conditions and vehicle systems in the context of autonomous vehicle operation during cloudy sunset conditions. It identifies potential issues with road markings, vehicle subsystems, and driver interpretation that could lead to unsafe situations. The result log, however, provides a hypothetical scenario involving a chemical spill in a laboratory, detailing preventive measures and responses to ensure safety. The unsafe control actions listed in the result log pertain to steering actions in an autonomous vehicle context, while the loss scenario log describes a laboratory situation. The two logs differ significantly in terms of the scene, unsafe actions, and safety reasoning, as they address entirely different environments and safety concerns.]"
SoftRainNoon1,0.6489507570747193,Accurate,Major Differences,"[Explanation: The two texts describe different scenarios and contexts. The GROUND TRUTH focuses on a road safety analysis involving potential hazards due to environmental conditions and infrastructure issues, specifically related to lane markings, road surface, and vehicle subsystems. It analyzes the contributions of various components to the assumed loss scenario and highlights potential challenges for both human drivers and automated systems.

On the other hand, the RESULT describes a hypothetical scenario involving autonomous vehicle driving in light rain conditions. It discusses potential unsafe control actions (UCAs) related to steering, along with a loss scenario log that outlines a sequence of events leading to a collision. This scenario emphasizes the technical aspects of vehicle control systems and sensor performance in adverse weather conditions.

The two texts differ significantly in terms of the specific scene, the nature of the unsafe actions, and the safety reasoning. The GROUND TRUTH is more focused on environmental and infrastructure factors affecting both human and automated driving, while the RESULT is centered on the technical challenges faced by autonomous vehicles in specific weather conditions and the potential consequences of steering-related UCAs.]"
WetNoon2,0.6102361853808189,Accurate,Major Differences,"[Explanation: The GROUND TRUTH and RESULT sections describe different scenarios and focus areas. The GROUND TRUTH focuses on a detailed analysis of a road environment and its components contributing to vehicle confusion or unsafe behavior due to unclear lane structure and weather-affected surfaces. It identifies specific components such as road surface, markings, vehicle subsystems, and drivers, and how each contributes to potential safety issues. The RESULT section, however, describes a hypothetical scenario inferred from an image filename ""WetNoon2.png,"" discussing potential challenges for autonomous vehicles in wet conditions and identifying unsafe control actions (UCAs) related to steering. Additionally, the RESULT section includes a loss scenario log and a separate mitigated scenario in a factory setting, which is unrelated to the road environment context of the GROUND TRUTH. The two sections address different contexts and safety concerns, with the GROUND TRUTH focusing on road and vehicle interaction, while the RESULT includes a broader range of scenarios and potential UCAs.]"
MidRainSunset3,0.6484005057441341,Accurate,Minor Differences,"[Explanation: Both the ground truth and the result describe a scenario involving rain and low visibility, which affects road conditions and vehicle control. They both identify similar unsafe control actions (UCAs) related to steering and lane maintenance due to environmental challenges. However, the ground truth focuses more on the systemic analysis of each component contributing to the loss, such as road surface, markings, and vehicle subsystems, while the result emphasizes the filename context and provides a detailed loss scenario log with specific UCAs. The ground truth also includes a broader analysis of infrastructure and driver roles, whereas the result is more focused on the vehicle's autonomous system response. Despite these differences in focus and detail, the core safety reasoning and scene context are aligned, leading to a minor differences rating.]"
HardRainSunset0,0.6314697134703009,Accurate,Major Differences,"[Explanation: The two logs present different scenarios and focus areas. The GROUND TRUTH log analyzes a roadway scenario during moderate rain, focusing on infrastructure, vehicle systems, and environmental factors contributing to increased hydroplaning risk. It highlights the roles of various components like road maintenance, markings, vehicle subsystems, and driver behavior. The RESULT log, however, infers details from an image filename ""HardRainSunset0.png"" and discusses potential unsafe control actions (UCAs) for an autonomous vehicle in heavy rain and low visibility conditions. It provides a hypothetical loss scenario involving UCAs leading to a collision, focusing on sensor errors and control system failures. Additionally, the RESULT log includes a separate, unrelated scenario about chemical spill safety in a laboratory, which is not present in the GROUND TRUTH. The two logs differ significantly in their focus, context, and details, leading to a major difference in semantic content.]"
WetCloudySunset2,0.6290330479466857,Accurate,Major Differences,"[Explanation: The two texts address different contexts and scenarios. The GROUND TRUTH focuses on analyzing the components contributing to the risk of vehicle lane deviation and unstable response due to environmental and maintenance factors. It breaks down the roles and contributions of various components like road surface, markings, vehicle subsystems, and more, highlighting systemic weaknesses in design, upkeep, and communication. On the other hand, the RESULT discusses a hypothetical scenario involving an autonomous vehicle navigating challenging weather and lighting conditions, with a focus on potential unsafe control actions (UCAs) related to steering. It provides a detailed loss scenario log with specific UCAs and their consequences, leading to a collision. Additionally, the RESULT includes a separate mitigated safety scenario in a workplace setting involving machinery overheating, which is unrelated to the initial vehicle scenario. The two texts do not align semantically in terms of scene, unsafe actions, or safety reasoning, as they address different issues and contexts.]"
WetCloudySunset4,0.6211276324272259,Accurate,Major Differences,"[Explanation: The two descriptions focus on different scenarios and contexts. The GROUND TRUTH describes a systemic analysis of road safety issues related to road surface saturation and visibility, highlighting the roles and contributions of various components, such as road maintenance, vehicle subsystems, and drivers. It emphasizes the systemic breakdown in operational clarity due to environmental conditions. In contrast, the RESULT describes a specific scenario involving an autonomous vehicle navigating wet and low-light conditions, with a focus on potential Unsafe Control Actions (UCAs) and their mitigations. It provides a detailed loss scenario log, outlining the sequence of events leading to a collision. The RESULT also includes an unrelated example of a chemical spill in a laboratory, which is not present in the GROUND TRUTH. The safety reasoning and context differ significantly between the two descriptions, leading to a major difference in their semantic content.]"
WetCloudyNoon4,0.569975997120224,Inaccurate,Major Differences,"[Explanation: The two logs describe different scenarios and focus areas. The ground truth log analyzes a road safety scenario involving vehicle misalignment and control issues due to environmental and infrastructural factors, while the result log describes a hypothetical autonomous vehicle scenario with wet, cloudy conditions and potential unsafe control actions. The ground truth log emphasizes road surface, markings, vehicle systems, and management authority, while the result log focuses on sensor challenges and specific UCAs related to steering. The loss scenario log further diverges by detailing a chemical spill in a laboratory, which is unrelated to the road safety context. These differences in focus, context, and scenario content result in major differences between the logs.]"
CloudyNoon2,0.5876891437355769,Inaccurate,Major Differences,"[Explanation: The two descriptions provided cover different contexts and scenarios, leading to significant differences in their content and focus. The GROUND TRUTH section analyzes the components contributing to a potential loss scenario in the context of autonomous vehicle operation under specific environmental conditions, such as cloudy midday lighting. It discusses the roles and contributions of various components like road surface, road markings, vehicle subsystems, and more, highlighting their impact on safety.

On the other hand, the RESULT section provides a speculative analysis based on a hypothetical image file name (""CloudyNoon2.png"") and describes potential unsafe control actions (UCAs) related to steering in an autonomous vehicle scenario. It also includes a loss scenario log with specific events and UCAs, followed by a causality analysis and a hypothetical chemical spill scenario in a laboratory setting.

The RESULT section does not directly address the environmental conditions or component analysis discussed in the GROUND TRUTH section. Instead, it focuses on potential UCAs and a separate hypothetical scenario unrelated to the initial context. Therefore, the two sections are not semantically equivalent in terms of scene description, unsafe actions, or safety reasoning.]"
WetCloudyNoon3,0.6684694739189745,Accurate,Major Differences,"[Explanation: The two logs describe different scenarios and contexts, leading to major differences in their content and focus. The first log is a detailed analysis of a potential loss scenario involving an autonomous vehicle (AV) in a wet and cloudy environment. It outlines specific unsafe control actions (UCAs) related to the AV's steering and the environmental conditions, emphasizing the challenges posed by wet roads and reduced visibility. The analysis highlights the need for coordinated control actions and robust sensor data interpretation to prevent safety incidents.

In contrast, the second log describes a hypothetical safety hazard in a manufacturing plant involving a malfunctioning industrial machine. It outlines a structured approach to mitigating the hazard through risk assessment, immediate safeguards, maintenance, training, and long-term improvements. The focus is on creating a safe working environment for operators and ensuring reliable machine operation.

The two logs differ significantly in terms of the scene (AV driving vs. manufacturing plant), the unsafe actions (steering-related UCAs vs. machine malfunction), and the safety reasoning (AV system coordination vs. machine maintenance and operator training). As such, they are not semantically equivalent.]"
WetNoon1,0.63650885831005,Accurate,Major Differences,"[Explanation: The ground truth and the result logs describe different scenarios and components, leading to major differences in their content and focus. The ground truth focuses on a CAST analysis of a road safety scenario involving infrastructure, vehicle subsystems, and environmental factors. It identifies potential hazards related to poor road conditions, inconsistent lane markings, and inadequate maintenance, contributing to increased risk of vehicle deviation or crash.

In contrast, the result log describes a hypothetical scenario involving an autonomous vehicle navigating a wet road, with a focus on potential Unsafe Control Actions (UCAs) that could lead to hazardous situations. It emphasizes the challenges faced by sensor systems in wet conditions and outlines a sequence of events leading to a loss scenario involving vehicle control issues.

While both logs address safety concerns related to driving conditions, the ground truth is a detailed analysis of systemic factors contributing to road safety risks, whereas the result log is a speculative scenario focusing on autonomous vehicle control actions and their potential hazards. Additionally, the result log includes an unrelated workplace safety scenario, further diverging from the ground truth's focus on road safety. Therefore, the two logs are not semantically equivalent.]"
SoftRainNoon3,0.6630436156266643,Accurate,Major Differences,"[Explanation: The provided ""GROUND TRUTH"" and ""RESULT"" sections differ significantly in several key areas:

1. **Scene Description:**
   - The ""GROUND TRUTH"" describes a lightly wet road surface with minor water residue and isolated dark patches, indicating recent rainfall. It emphasizes the clear visibility of lane markings and low environmental complexity.
   - The ""RESULT"" assumes a light rain scenario with overcast skies and potential intermittent rainfall, which is not explicitly mentioned in the ""GROUND TRUTH."" The ""RESULT"" also speculates about urban or suburban settings with potential dynamic elements, which contradicts the ""GROUND TRUTH"" description of a low-complexity environment with no vehicles or obstructions.

2. **Unsafe Control Actions (UCAs):**
   - The ""GROUND TRUTH"" provides specific UCAs related to the misinterpretation of glossy patches, failure to steer due to low confidence, and premature or delayed steering actions.
   - The ""RESULT"" lists generic UCAs such as incorrect steering angle, delayed steering response, and steering in the wrong direction, which do not align with the specific conditions and hazards described in the ""GROUND TRUTH.""

3. **Safety Reasoning:**
   - The ""GROUND TRUTH"" includes a detailed analysis of components contributing to potential losses, such as road surface, markings, vehicle subsystems, and roadway management authority.
   - The ""RESULT"" provides a hypothetical loss scenario involving a software system implementation, which is unrelated to the automotive scene described in the ""GROUND TRUTH.""

Overall, the ""RESULT"" does not accurately reflect the specific conditions, hazards, and safety reasoning outlined in the ""GROUND TRUTH,"" leading to a major difference in the interpretation of the scene and associated risks.]"
WetSunset1,0.6486804862608103,Accurate,Major Differences,"[Explanation: The two logs describe different scenarios and contexts, leading to major differences in their content and focus. The GROUND TRUTH log is a detailed analysis of a specific road safety issue involving wet road conditions, lane markings, and vehicle subsystems, with a focus on the systemic contributions to potential vehicle deviation or crashes. It identifies components involved in the loss and provides a comprehensive breakdown of each component's role and contribution to the assumed loss.

On the other hand, the RESULT log is a hypothetical analysis of an autonomous vehicle scenario during a ""Wet Sunset,"" focusing on specific unsafe control actions (UCAs) related to steering and the challenges posed by environmental conditions. It provides a detailed loss scenario log with timesteps, causality, and final loss, but it does not align with the specific components and systemic analysis presented in the GROUND TRUTH.

Additionally, the RESULT log includes an unrelated hypothetical safe scenario involving a chemical spill in a laboratory setting, which diverges entirely from the road safety context of the GROUND TRUTH. This further contributes to the major differences between the two logs in terms of scene, unsafe actions, and safety reasoning.]"
SoftRainSunset4,0.5953675308220818,Inaccurate,Major Differences,"[Explanation: The two logs describe different scenarios and focus areas. The GROUND TRUTH log analyzes a scenario involving vehicle instability and lane departure risks due to wet road conditions and poor visibility, emphasizing the roles of road infrastructure, vehicle systems, and driver behavior. It identifies systemic issues and potential improvements in road management and weather notification systems.

In contrast, the RESULT log infers details from a filename (""SoftRainSunset4.png"") to describe a scene with light rain and sunset affecting autonomous vehicle operation. It outlines potential unsafe control actions (UCAs) related to steering, such as late or incorrect steering, and describes a loss scenario involving a driver navigating a highway, leading to a collision due to a series of steering errors.

The RESULT log also includes a hypothetical workplace safety scenario unrelated to the initial vehicle context, focusing on improving safety in a manufacturing facility.

Overall, the logs differ significantly in their specific scenarios, focus areas, and safety reasoning, leading to a major difference in their semantic content.]"
HardRainNoon1,0.6526293601896509,Accurate,Major Differences,"[Explanation: The two logs describe different scenarios and contexts, leading to major differences in their content and focus. The ground truth log analyzes a specific scenario involving heavy rain and its impact on vehicle safety, particularly in the context of autonomous driving. It identifies various components contributing to potential lane departure or vehicle instability and outlines unsafe control actions related to steering during adverse weather conditions. The log also provides a loss scenario log with specific timesteps and causality analysis related to vehicle control in heavy rain.

On the other hand, the result log describes a software product launch scenario, focusing on risk management, stakeholder engagement, and process improvements. It outlines a series of improvements across different phases (planning, development, testing, and launch) to ensure a successful software launch, with no mention of vehicle safety or adverse weather conditions.

The two logs are fundamentally different in terms of their subject matter (vehicle safety vs. software launch), the types of risks and unsafe actions they address, and the safety reasoning involved. Therefore, they cannot be considered semantically equivalent.]"
SoftRainNoon4,0.6172153739749662,Accurate,Major Differences,"[Explanation: The two descriptions have significant differences in terms of scene details, unsafe actions, and safety reasoning. The GROUND TRUTH focuses on analyzing the components contributing to the potential loss in a specific road scenario involving faint markings and wet conditions. It emphasizes the roles of road surface, road markings, vehicle subsystems, roadway management, drivers, and weather systems. In contrast, the RESULT provides a speculative analysis based on a filename, discussing general weather conditions, time of day, and potential sensor visibility risks for autonomous vehicles. The unsafe control actions and loss scenario in the RESULT are hypothetical and not directly related to the specific scene described in the GROUND TRUTH. Additionally, the RESULT includes a separate industrial process scenario unrelated to the initial road and vehicle context. Therefore, the two logs are not semantically equivalent in terms of scene, unsafe actions, and safety reasoning.]"
bike4,0.6409380747856995,Accurate,Major Differences,"[Explanation: The two scenarios presented are fundamentally different in context, focus, and specific details. The ground truth scenario focuses on the analysis of a signalized intersection with potential conflicts between vehicles and cyclists due to inadequate infrastructure and unclear prioritization. It emphasizes the roles of various components such as road surface, markings, vehicle subsystems, and roadway management in contributing to potential safety issues. The scenario highlights the cognitive demands placed on drivers and autonomous systems in a visually complex urban environment.

In contrast, the result scenario involves an autonomous vehicle executing a steering maneuver in the presence of a bicycle, with a focus on unsafe control actions (UCAs) that could lead to a collision. This scenario emphasizes the vehicle's control system failures, such as incorrect steering angles, blind spot issues, and environmental condition adjustments, leading to an accident.

While both scenarios involve potential safety risks in traffic environments, the ground truth scenario is more about infrastructure and environmental analysis, whereas the result scenario is centered on the autonomous vehicle's control system and its specific failures during a maneuver. The hypothetical chemical plant scenario further diverges by focusing on risk management and safety measures in an industrial setting, which is unrelated to the traffic and vehicle context of the other scenarios.]"
WetSunset3,0.5963483650564232,Inaccurate,Major Differences,"[Explanation: The two scenarios presented are fundamentally different in terms of context, components involved, and the nature of the unsafe actions and safety reasoning. The first scenario involves a vehicle incident on a wet road due to faded lane visibility and poor drainage, with a focus on analyzing various components such as road surface, road markings, vehicle subsystems, and more. It discusses system-level failures and unsafe control actions related to vehicle steering in adverse weather conditions.

On the other hand, the second scenario is a hypothetical framework for a chemical spill in a laboratory, focusing on immediate and subsequent safety improvements and actions to mitigate the spill. It involves different elements such as emergency response, personal protective equipment, and communication protocols, which are not relevant to the vehicle incident scenario.

The two scenarios address different types of hazards (vehicular vs. chemical) and involve distinct safety reasoning and mitigation strategies. Therefore, they are not semantically equivalent.]"
bike2,0.6771765016937525,Accurate,Major Differences,"[Explanation: The GROUND TRUTH and RESULT logs describe different scenarios and focus on different aspects of safety analysis. The GROUND TRUTH log analyzes a specific road safety scenario involving cyclists and motorcyclists sharing a lane, highlighting the lack of infrastructure and guidance leading to elevated collision risks. It focuses on the roles and contributions of various components like road surface, markings, vehicle subsystems, and management authority in contributing to the assumed loss.

On the other hand, the RESULT log discusses a hypothetical scenario involving an autonomous vehicle interacting with a bicycle, focusing on potential unsafe control actions (UCAs) related to perception and steering decisions. It describes a sequence of events leading to a collision due to perception failures and incorrect steering responses. Additionally, it includes a separate, unrelated hypothetical scenario about a chemical spill in a laboratory, detailing the response and mitigation measures.

The two logs differ significantly in terms of the scene, the nature of unsafe actions, and the safety reasoning involved. The GROUND TRUTH focuses on infrastructure and human factors in a shared lane context, while the RESULT emphasizes autonomous vehicle perception and control challenges, along with an unrelated laboratory safety scenario.]"
MidRainyNoon1,0.6309996942412829,Accurate,Major Differences,"[Explanation: The two logs describe different scenarios and contexts. The first log focuses on a rainy midday driving scenario, analyzing the potential unsafe control actions (UCAs) related to vehicle steering in adverse weather conditions. It details specific components like road surface, vehicle subsystems, and driver behavior, and it provides a loss scenario log with a sequence of events leading to a collision. The second log, however, describes a construction site safety scenario, outlining risk identification, safety measures, and a safe outcome. The contexts, hazards, and safety reasoning are fundamentally different, with the first log addressing automotive safety in wet conditions and the second focusing on construction site safety protocols.]"
bike6,0.6250549908577987,Accurate,Major Differences,"[Explanation: The two descriptions focus on different scenarios and safety considerations. The ground truth describes a specific urban environment scenario involving cyclists and the lack of infrastructure, while the result outlines a hypothetical autonomous vehicle scene with potential unsafe control actions related to steering. The ground truth emphasizes the risk factors for cyclists due to inadequate road design and management, whereas the result focuses on the technical aspects of autonomous vehicle operation and potential hazards related to steering errors. Additionally, the result includes a separate, unrelated scenario about a chemical spill in a laboratory, which further diverges from the urban cycling context of the ground truth. The safety reasoning and scene elements differ significantly between the two descriptions, leading to a major difference in their content and focus.]"
bike5,0.6450164384274366,Accurate,Major Differences,"[Explanation: The ground truth and the result logs describe different scenarios and focus on different aspects of safety analysis. The ground truth log analyzes a specific urban setting with a focus on bicycle safety in a shared-use road environment, highlighting the lack of structural separation, road markings, and signage as contributing factors to potential collisions. It also discusses the roles of various components such as road surface, vehicle subsystems, and drivers in maintaining safety.

In contrast, the result log describes a hypothetical scenario involving an autonomous vehicle navigating an urban environment with a focus on sensor performance and potential unsafe control actions (UCAs) related to vehicle steering. It outlines a sequence of events leading to a collision due to software glitches, sensor malfunctions, and delayed steering actions.

The two logs differ significantly in terms of the specific scene being analyzed, the unsafe actions identified, and the safety reasoning applied. The ground truth focuses on infrastructure and human factors in a bicycle-vehicle interaction context, while the result log centers on technical failures and automated vehicle control in a different setting. Therefore, they are not semantically equivalent.]"
HardRainNoon0,0.6736816762179318,Accurate,Major Differences,"[Explanation: The two descriptions focus on different contexts and scenarios. The GROUND TRUTH description analyzes a specific loss scenario related to road safety during heavy rain, focusing on various components such as road surface, vehicle subsystems, and driver behavior. It highlights the challenges posed by environmental conditions and infrastructure inadequacies, leading to increased risk of vehicle misalignment or hydroplaning.

On the other hand, the RESULT description interprets the filename ""HardRainNoon0.png"" and speculates on the challenges faced by autonomous vehicles in heavy rain. It identifies potential unsafe control actions (UCAs) related to steering and outlines a hypothetical loss scenario involving sensor errors and control failures, leading to a collision.

While both descriptions address safety concerns in adverse weather conditions, the GROUND TRUTH is specific to human and machine interactions with road infrastructure, whereas the RESULT focuses on autonomous vehicle systems and their potential failures. Additionally, the RESULT includes a separate workplace safety scenario unrelated to the initial context, further diverging from the GROUND TRUTH's focus on road safety. Therefore, the two descriptions have major differences in terms of scene, unsafe actions, and safety reasoning.]"
bike7,0.6313049190224072,Accurate,Major Differences,"[Explanation: The ground truth and the result logs differ significantly in terms of the scene description, unsafe actions, and safety reasoning. The ground truth focuses on analyzing the components contributing to the risk of vehicle-bicycle conflict in a specific road environment, detailing the roles and contributions of various components such as road surface, markings, vehicle subsystems, and more. It provides a comprehensive analysis of the factors leading to elevated risk for cyclists.

On the other hand, the result log provides a hypothetical scenario related to an autonomous vehicle's steering actions in the presence of a cyclist, with a focus on potential unsafe control actions (UCAs) and their consequences. It describes a sequence of events leading to a hazardous situation, emphasizing detection failures and steering errors.

The two logs address different aspects of safety: the ground truth examines systemic factors contributing to risk, while the result log outlines a specific sequence of control actions and their potential hazards. Additionally, the result log includes a hypothetical laboratory safety scenario, which is unrelated to the vehicle-bicycle context of the ground truth. Therefore, the two logs are not semantically equivalent.]"
ClearNoon2,0.6099525794435212,Accurate,Major Differences,"[Explanation: The two descriptions address different scenarios and contexts, leading to major differences in their content and focus. The GROUND TRUTH section analyzes a driving scenario involving lane interpretation under bright noon conditions, highlighting the roles of various components such as road surface, road markings, vehicle subsystems, and drivers. It identifies potential risks related to glare and faded road markings, emphasizing the importance of visual safety and infrastructure readiness.

On the other hand, the RESULT section provides a hypothetical description of a driving scenario based on a filename, ""ClearNoon2.png,"" and discusses potential unsafe control actions (UCAs) related to the steering of an autonomous vehicle. It includes a loss scenario log illustrating how UCAs could lead to a collision, focusing on sensor calibration errors and steering control issues.

Additionally, the RESULT section introduces an unrelated hypothetical scenario involving a chemical plant operation, outlining potential risks and safety improvements. This part diverges significantly from the driving context of the GROUND TRUTH section.

Overall, the two sections differ in their scene descriptions, unsafe actions, and safety reasoning, with the RESULT section covering a broader range of topics beyond the initial driving scenario.]"
ClearSunset1,0.5869337404871495,Inaccurate,Major Differences,"[Explanation: The two texts provided have significant differences in terms of context, focus, and content. The GROUND TRUTH text focuses on analyzing a specific scenario involving visual tracking degradation due to lighting conditions during sunset, with a detailed examination of various components contributing to potential loss in an autonomous vehicle context. It identifies specific unsafe control actions (UCAs) related to steering in an automotive scenario.

In contrast, the RESULT text initially discusses a hypothetical scene involving a clear sunset and potential sensor visibility risks for autonomous vehicles. It then shifts to a different context, outlining a loss scenario log involving a vehicle in wet conditions with a series of UCAs leading to a collision. The text further diverges by presenting a separate scenario involving safety improvements in a factory setting, which is unrelated to the original automotive context.

The RESULT text lacks the detailed component analysis and specific lighting condition focus present in the GROUND TRUTH. Additionally, the factory scenario in the RESULT text introduces a completely different domain, making it unrelated to the original automotive and lighting context. Therefore, the two texts are not semantically equivalent.]"
person2,0.5904213058962454,Inaccurate,Major Differences,"[Explanation: The two logs describe different scenarios and contexts. The ground truth log focuses on a specific urban intersection scenario with snow-covered roads, visual obstructions, and pedestrian risks, analyzing various components like road maintenance, vehicle subsystems, and driver behavior. It identifies risks associated with these components and provides a summary of the potential hazards.

In contrast, the result log provides a hypothetical analysis of an autonomous vehicle scenario without access to the specific image ""person2.jpg."" It discusses general weather conditions, time of day, road conditions, and sensor visibility risks. Additionally, it outlines a loss scenario involving an autonomous vehicle on a highway, detailing unsafe control actions (UCAs) related to steering, sensor failures, and road conditions, leading to a crash.

The two logs differ significantly in terms of the scene described (urban intersection vs. highway), the specific unsafe actions (pedestrian-related risks vs. steering control failures), and the safety reasoning (component analysis vs. UCA analysis). Therefore, they are not semantically equivalent.]"
WetSunset0,0.5998890592734907,Inaccurate,Major Differences,"[Explanation: The GROUND TRUTH and RESULT logs describe different contexts and scenarios, leading to significant differences in their content and focus. The GROUND TRUTH log analyzes road safety components related to lane ambiguity and wet surfaces, focusing on the roles and contributions of various components like road maintenance, vehicle subsystems, and weather forecasting. It provides a detailed analysis of the system-level vulnerabilities and potential hazards in a road safety context.

In contrast, the RESULT log focuses on a hypothetical scenario involving an autonomous vehicle operating in wet sunset conditions. It identifies unsafe control actions (UCAs) related to steering and describes a loss scenario involving a collision due to software glitches and poor visibility. The RESULT log also includes a separate, unrelated hypothetical situation about a software product launch, outlining improvements and safety measures for a successful launch.

The two logs differ in their primary focusone on road safety analysis and the other on autonomous vehicle operation and software product launch. They do not share the same scene, unsafe actions, or safety reasoning, leading to a major difference in their content and purpose.]"
motobike1,0.6307777256334095,Accurate,Major Differences,"[Explanation: The two descriptions focus on different contexts and scenarios. The GROUND TRUTH log analyzes a specific intersection scenario involving wet road conditions, mixed traffic types, and infrastructure deficiencies, emphasizing the role of various components such as road surface, markings, vehicle subsystems, and drivers in contributing to heightened collision risk. It provides a detailed analysis of each component's contribution to the overall risk and discusses the lack of proactive measures like anti-skid treatments and weather alerts.

On the other hand, the RESULT log provides a general description of potential scenarios involving autonomous vehicles, focusing on weather conditions, road types, and sensor visibility risks. It then discusses various unsafe control actions (UCAs) related to steering in an autonomous vehicle context, detailing a hypothetical loss scenario involving a sequence of UCAs leading to a collision with a median barrier. It also outlines a separate hypothetical manufacturing plant scenario, discussing safety improvements and mitigations.

The two logs differ significantly in terms of the specific scene described, the unsafe actions considered, and the safety reasoning applied. The GROUND TRUTH focuses on a real-world intersection scenario with specific environmental and infrastructural factors, while the RESULT provides a more general and hypothetical discussion of autonomous vehicle risks and safety measures in a manufacturing context.]"
WetCloudyNoon1,0.6461445992739767,Accurate,Major Differences,"[Explanation: The GROUND TRUTH and the RESULT differ significantly in terms of the specific details and focus of the analysis. The GROUND TRUTH provides a comprehensive breakdown of various components contributing to potential driver misjudgment or lane drift, including road surface, maintenance, road markings, vehicle subsystems, roadway management, drivers, and weather forecasting systems. It emphasizes the role of infrastructure and environmental conditions in creating a transitional risk environment.

On the other hand, the RESULT focuses on a hypothetical scenario involving an autonomous vehicle navigating wet and cloudy conditions at noon. It identifies potential unsafe control actions (UCAs) related to steering and outlines a loss scenario log detailing the sequence of events leading to a collision. The RESULT emphasizes the importance of adaptive steering control and sensor calibration in challenging weather conditions.

While both texts address safety concerns related to wet road conditions, they approach the topic from different angles: the GROUND TRUTH from a systemic analysis perspective and the RESULT from an autonomous vehicle scenario perspective. The specific details, components analyzed, and the nature of the unsafe actions differ significantly between the two.]"
WetSunset2,0.6431161374667789,Accurate,Major Differences,"[Explanation: The two descriptions provided are fundamentally different in terms of scene, unsafe actions, and safety reasoning. The ground truth focuses on a road safety scenario involving poor lane visibility, water accumulation, and systemic failures in road maintenance and management, leading to unsafe driving behavior. It analyzes various components contributing to the loss, such as road surface, markings, vehicle subsystems, and driver behavior.

In contrast, the result section describes a hypothetical scenario involving an autonomous vehicle navigating a wet road during sunset. It discusses potential challenges for sensors and identifies unsafe control actions (UCAs) related to steering, such as failure to steer, overly sensitive steering, and sharp steering at high speeds. It also provides a loss scenario log with specific time steps and mitigation steps for a chemical spill in a laboratory, which is unrelated to the road safety scenario.

The two scenarios differ significantly in context, focus, and the type of hazards and safety measures discussed. The ground truth is about systemic road safety issues, while the result involves autonomous vehicle challenges and a separate chemical spill scenario.]"
trafficlight4,0.5868776819888973,Inaccurate,Major Differences,"[Explanation: The two descriptions address different scenarios and contexts. The GROUND TRUTH focuses on a CAST analysis of a snowy urban environment, highlighting the challenges faced by both human and automated navigation systems due to snow-covered roads, signage, and environmental complexity. It discusses the roles and contributions of various components like road surface, vehicle subsystems, and weather forecasting in the context of maintaining safety.

In contrast, the RESULT discusses a hypothetical scenario involving an autonomous vehicle interpreting a traffic light in potentially adverse conditions. It outlines various unsafe control actions (UCAs) related to traffic light detection and steering actions, emphasizing the risks associated with sensor errors and decision-making in an AV system.

While both scenarios involve safety analysis, they differ significantly in context, focus, and the specific safety challenges addressed. The GROUND TRUTH is centered on environmental and infrastructure factors in a snowy setting, whereas the RESULT is focused on AV sensor interpretation and decision-making related to traffic lights. Additionally, the RESULT includes a separate hypothetical scenario about a chemical spill in a laboratory, which is unrelated to the GROUND TRUTH's focus on urban driving conditions.]"
ClearSunset2,0.5840357193903937,Inaccurate,Major Differences,"[Explanation: The two descriptions address different scenarios and contexts. The GROUND TRUTH focuses on analyzing a sunset driving scene with potential visual hazards due to lighting conditions, while the RESULT describes a hypothetical autonomous vehicle scenario with specific UCAs related to steering during a sunset scene. The GROUND TRUTH emphasizes the analysis of components contributing to visual misinterpretation, whereas the RESULT outlines a sequence of events leading to a loss scenario with UCAs. Additionally, the RESULT includes an unrelated chemical spill scenario for mitigation, which is not present in the GROUND TRUTH. The safety reasoning and context differ significantly between the two, leading to major differences in their semantic content.]"
trafficlight5,0.5833448108994799,Inaccurate,Major Differences,"[Explanation: The two descriptions address different contexts and scenarios. The GROUND TRUTH focuses on analyzing components contributing to a loss scenario in a snowy urban environment, specifically related to road conditions, signage, vehicle subsystems, roadway management, drivers, and weather forecasting. It highlights the challenges posed by snow-covered surfaces and the implications for both human drivers and autonomous vehicles.

In contrast, the RESULT describes a general framework for analyzing a scene involving an autonomous vehicle at a traffic light, considering weather, time, road conditions, environmental complexity, and sensor visibility risks. It then outlines potential unsafe control actions (UCAs) related to steering in an autonomous vehicle, followed by a hypothetical loss scenario log involving these UCAs.

The GROUND TRUTH provides a detailed analysis of a specific environmental situation, while the RESULT offers a broader framework and hypothetical scenarios unrelated to the specific conditions described in the GROUND TRUTH. The RESULT also includes a separate scenario involving a chemical spill in a laboratory, which is unrelated to the original context of autonomous vehicle driving in snowy conditions. Therefore, there are major differences in the scene, unsafe actions, and safety reasoning between the two descriptions.]"
ClearNoon0,0.6131887349628393,Accurate,Major Differences,"[Explanation: The two scenarios presented are fundamentally different in terms of context, focus, and safety reasoning. The first scenario involves an autonomous vehicle operating in a clear noon setting, analyzing potential unsafe control actions related to steering and their consequences. It focuses on the technical aspects of vehicle control and the impact of environmental factors like glare and faded road markings. The second scenario, however, is about a construction project, emphasizing safety planning, risk mitigation, and worker safety. It involves proactive safety measures and training rather than reactive analysis of control actions. While both scenarios deal with safety, their contexts, potential risks, and mitigation strategies are distinct, leading to major differences in their semantic content.]"
WetSunset4,0.6344974005591633,Accurate,Major Differences,"[Explanation: The two scenarios presented involve different contexts and focus areas. The first scenario is centered around an autonomous vehicle navigating a wet road, analyzing unsafe control actions related to steering under challenging environmental conditions. It highlights the potential hazards and losses associated with incorrect steering actions in an autonomous driving context.

The second scenario, however, is about a chemical plant handling hazardous materials, focusing on safety improvements and mitigations over time to prevent incidents. It outlines a series of proactive safety measures and protocols to ensure plant safety and community protection.

While both scenarios involve safety considerations and risk mitigation, they pertain to entirely different domains (autonomous vehicles vs. chemical plant operations) and address distinct types of hazards and control actions. Therefore, they are not semantically equivalent in terms of scene, unsafe actions, and safety reasoning.]"
ClearSunset0,0.569977649500523,Inaccurate,Major Differences,"[Explanation: The two logs describe different scenarios and contexts, leading to major differences in terms of scene, unsafe actions, and safety reasoning. The first log focuses on a driving scenario involving an autonomous vehicle during sunset, analyzing components contributing to potential visual confusion and unsafe control actions related to steering. It identifies specific UCAs and outlines a loss scenario involving a vehicle collision due to incorrect steering actions and feedback issues.

In contrast, the second log describes a hypothetical laboratory scenario involving a chemical spill. It outlines safety improvements and response actions at different stages to mitigate the hazard, ultimately resulting in a safe outcome with no injuries. The focus here is on laboratory safety protocols, PPE, and emergency response, which are unrelated to the driving scenario.

The two scenarios differ significantly in their context, the nature of the hazards, and the safety measures discussed, leading to a major difference in their semantic content.]"
SoftRainSunset2,0.6377243751374432,Accurate,Major Differences,"[Explanation: The two logs describe different scenarios and contexts. The GROUND TRUTH log focuses on a road safety analysis under light rain conditions, examining components such as road surface, vehicle subsystems, and driver behavior. It identifies potential hazards related to vehicle drift and traction issues due to environmental and infrastructural factors. The RESULT log, on the other hand, speculates about a scene based on an image filename and discusses potential unsafe control actions related to vehicle steering in a hypothetical driving scenario. It also includes a separate, unrelated scenario about a chemical spill in a laboratory, outlining mitigation steps for such an incident. The RESULT log lacks a direct connection to the specific environmental and infrastructural issues highlighted in the GROUND TRUTH log, leading to major differences in scene, unsafe actions, and safety reasoning.]"
bike3,0.670982460749142,Accurate,Major Differences,"[Explanation: The two logs describe different scenarios and focus areas. The first log is a detailed analysis of a traffic scene involving cyclist-vehicle interactions at an intersection, with a focus on infrastructure, vehicle systems, and driver behavior. It identifies specific components contributing to the risk and outlines unsafe control actions related to steering in an autonomous vehicle context. The second log, however, describes a hypothetical laboratory scenario involving a potential chemical spill, focusing on risk assessment, training, equipment checks, and response actions to ensure safety. The two scenarios differ significantly in context, subject matter, and the type of safety reasoning applied. The first log is centered on traffic safety and autonomous vehicle decision-making, while the second log addresses laboratory safety protocols and emergency response. Therefore, they are not semantically equivalent.]"
SoftRainNoon2,0.5945433493556374,Inaccurate,Major Differences,"[Explanation: The two texts address different contexts and scenarios, leading to significant differences in content and focus. The GROUND TRUTH section analyzes a specific road safety scenario involving lightly wet pavement and its impact on vehicle and driver performance, detailing the contributions of various components like road surface, markings, vehicle subsystems, and weather systems. It emphasizes the cumulative effect of minor issues on vehicle safety. In contrast, the RESULT section interprets a filename to infer a hypothetical scene involving autonomous vehicles in light rain, discussing potential sensor challenges and environmental complexities. It then outlines Unsafe Control Actions (UCAs) related to vehicle steering, followed by a loss scenario log involving steering failures leading to an accident. The RESULT section also includes a separate example of a chemical spill scenario, detailing safety improvements and outcomes. The two texts differ in their focus on road safety versus autonomous vehicle challenges and chemical spill safety, resulting in major differences in scene description, unsafe actions, and safety reasoning.]"
